{"accuracy": [0.4438599944114685, 0.5903800129890442, 0.6433200240135193, 0.6767600178718567, 0.7038599848747253, 0.7249400019645691, 0.7417799830436707, 0.755840003490448, 0.7702000141143799, 0.7833200097084045], "loss": [1.5258581638336182, 1.1598087549209595, 1.0166007280349731, 0.9220378398895264, 0.8449461460113525, 0.7883971929550171, 0.7384378910064697, 0.6969593167304993, 0.6553235650062561, 0.6179987192153931], "val_accuracy": [0.5250999927520752, 0.6173999905586243, 0.6470999717712402, 0.6366000175476074, 0.6890000104904175, 0.7013000249862671, 0.7093999981880188, 0.704200029373169, 0.7002000212669373, 0.7128999829292297], "val_loss": [1.3011020421981812, 1.0756821632385254, 1.0014039278030396, 1.0375384092330933, 0.898216187953949, 0.8638284206390381, 0.8540403246879578, 0.8778417110443115, 0.8870489001274109, 0.8604478240013123]}