{"accuracy": [0.6273400187492371, 0.6304799914360046, 0.6361799836158752, 0.6360999941825867, 0.640500009059906, 0.638159990310669, 0.6453800201416016, 0.647379994392395, 0.6487200260162354, 0.6521000266075134, 0.6549599766731262, 0.656000018119812, 0.6569799780845642, 0.6619200110435486, 0.6643199920654297, 0.6613600254058838, 0.6662600040435791, 0.6677799820899963, 0.6689000129699707, 0.6698200106620789], "loss": [1.0433976650238037, 1.0349117517471313, 1.0288257598876953, 1.0171151161193848, 1.0085432529449463, 1.0094232559204102, 0.997647762298584, 0.994868814945221, 0.984193742275238, 0.9767249822616577, 0.9753279089927673, 0.9673856496810913, 0.9626163840293884, 0.9550049304962158, 0.9485359191894531, 0.9530341625213623, 0.9405076503753662, 0.9375030994415283, 0.9305742383003235, 0.927036702632904], "val_accuracy": [0.6757000088691711, 0.6729000210762024, 0.6486999988555908, 0.6638000011444092, 0.6837999820709229, 0.6610000133514404, 0.6794999837875366, 0.6808000206947327, 0.6901000142097473, 0.694100022315979, 0.690500020980835, 0.6919999718666077, 0.6962000131607056, 0.6671000123023987, 0.6765000224113464, 0.7110000252723694, 0.6955999732017517, 0.7031999826431274, 0.7092000246047974, 0.6922000050544739], "val_loss": [0.9340780973434448, 0.9249833226203918, 1.0572172403335571, 0.9661657214164734, 0.9091949462890625, 1.0213016271591187, 0.9232432842254639, 0.9135732650756836, 0.8985434770584106, 0.880050003528595, 0.8979892730712891, 0.9003684520721436, 0.899055004119873, 1.0131911039352417, 0.9349588751792908, 0.8484494090080261, 0.8905114531517029, 0.8721334934234619, 0.8623557686805725, 0.9324988126754761]}