{"accuracy": [0.35784000158309937, 0.456820011138916, 0.4893200099468231, 0.5062199831008911, 0.5209800004959106, 0.5302600264549255, 0.5397800207138062, 0.545799970626831, 0.548259973526001, 0.5542600154876709, 0.5616599917411804, 0.5658800005912781, 0.5669199824333191, 0.5680599808692932, 0.5707399845123291, 0.5804200172424316, 0.5795800089836121, 0.5785199999809265, 0.5858200192451477, 0.5868600010871887], "loss": [1.7421667575836182, 1.501343011856079, 1.4243998527526855, 1.3774809837341309, 1.3388824462890625, 1.3150761127471924, 1.28961980342865, 1.2739036083221436, 1.262180209159851, 1.2470654249191284, 1.2338296175003052, 1.2225334644317627, 1.212642788887024, 1.2009841203689575, 1.1966419219970703, 1.1874616146087646, 1.1777263879776, 1.176205039024353, 1.1657575368881226, 1.1597793102264404], "val_accuracy": [0.46540001034736633, 0.5152999758720398, 0.5231999754905701, 0.534500002861023, 0.5623999834060669, 0.5713000297546387, 0.5554999709129333, 0.5710999965667725, 0.5684999823570251, 0.5791000127792358, 0.573199987411499, 0.5662000179290771, 0.5957000255584717, 0.6019999980926514, 0.6068999767303467, 0.5891000032424927, 0.6025000214576721, 0.6139000058174133, 0.6116999983787537, 0.5795000195503235], "val_loss": [1.4793730974197388, 1.3524625301361084, 1.3060563802719116, 1.2985974550247192, 1.220805048942566, 1.1925418376922607, 1.2443245649337769, 1.193501353263855, 1.200315237045288, 1.166672945022583, 1.188765287399292, 1.2218314409255981, 1.1495110988616943, 1.1278281211853027, 1.09331476688385, 1.144890546798706, 1.117850422859192, 1.077925682067871, 1.0801289081573486, 1.1739641427993774]}